account,liquidity
0xeb1c3f49817fbbbce87a48540d9f9991bb95ceb8,130794495297011639945253
0xa1edcc0e8a7d055652a1eb584780ceadf3b00b5c,223791934344265029535
0x7ac36247457dab3abb833accc538a3e56ce538b1,94406997238625545137
0x38bf8aecdec57caf427db579acbaa7b2becdbf06,85617906704977346709
0xe500fc63aff30f9fc9be8892fb5751d70972a794,85617443905481644128
0xdd5efa804f17e04a9a855af113b36b5f8680e863,49914104391862470724
0xdbd6278a9862ffaea3528faf0433f322f151213b,22277962890521852054
0x34b700c4c8ab4bb9bd98f531bc7d457f568b236a,21370526996620657229
0xbad48368f793c95fe3a38c4de7181567d8584cea,19583911103370590903
0xdc2f2b4601126add8e22fbe2bb8cb0b4bac6d27c,17558465977263307031
0x03197abad8079143a69da8d037b6d69bca469bcb,10014110019578790638
0x13304149bb89649a303be70740806a94c8291919,9983790745281936916
0x697df2facaced4780d6d877194f095c315cd747b,8406343626556154358
0xcbfe417a080420c35f52750c6d0c98fb2322d45e,8359699280038893346
0x9434e2764d291ca54232205456a72e2b17a043b4,5696149327773619603
0x326775b03cdf40f3953ceb49557460f84e208cbe,4743763190878124504
0xc7e8c5a0798addcf64f413e75de96d3a21c1d23a,4255325074326267312
0x201db173b7b998149b13dbc56058dbab80656092,4237000598071542707
0x72b8a72d5c2efb2d0fa895398f210fadc669b416,3079780322105750661
0xe6d4c7999227c5767ccc1a2b261c22b4d3fe687b,2820798693357619624
0x952960f94accc7bddee6edf3f4870d444e70869e,1950556664508809942
0x101ab9b9869554a49676ccb92fb07856120721d0,1863891078425853975
0x67dc4c774bd06fdf71027c36f485f8ec9e873797,1722215553208596899
0x9affbbe4569c2f77e18c0eec6f2d22afc9ec3888,1339937443384333086
0x83f70d5c3365021811afd81691c5233ee03206e3,1170663092377654291
0xe8875795399d3592f18423ac5b3a27a2058653ba,1170652640086657002
0x59bcd6f0e2695ca2e54dfe84b1b46428ba761a08,1045136222435809740
0xf28c4ec3792232e5ecd094db0efc9bd6bea40ca1,814114893040388263
0x4d0bec870201fab74469b3c068a15120f9487cf8,645732604637333324
0x3c48da2970f83b44c7713459abbda10029d0537e,639491935061574326
0xf03acc7130d705371d55645dd4fce5c4cefe88e1,638599453617990475
0x67c382a6ca64a5a2d83d41426fc6267a1d0489c4,626247199940828011
0x5287d5e5bd063ce1a4538ed401ed4059fcd64cbe,605102205474189047
0xae5a04402a73cd80e2e06b237dd5c2a075934f5d,588175553440456810
0x814fb521ca2e52d070078d44ed3aac2dfc18d5ea,584927115368904313
0x0f77c342bee12ffaeaf4b2deac4cfd4a198e3381,501750015002604302
0x0d24b63a271b114f6492d7366f24843615634d1a,501577350597856703
0xf2bca3baeefca379f2622bf09a7363bb203f9ef4,498699065412735639
0x26ca88828b769dc53bbf31bc1c98dd99d3547c57,494287965070628352
0xa4fce60e359c4b829451ea72c17b2cc3d1fd9037,464391428609581675
0xc6047818118c61f6cb497e6a6d80c8fdb2667c2c,434347675537112713
0xdc67dff2612948870defb21fe5fc2ea8819e9c05,425211276342690282
0x335f77d18c0cc468c8977dca2c946a0db310a962,420133283575485750
0x75edcb3da3aac045176a921ca3508bd3b644f892,417501449712475194
0x2bc14923e41aa00870fb06b24c88808aa12eeef9,417063971780116101
0xe44fb4e113223cb3b0a847b15f58d3485ea42aa7,410071914129066977
0xbc2c4e9962346fd59e6ed255b6b303712b7f839e,405576600372590687
0xdee55b4aada18cb5eb69462dc9d1846f05c36755,383217895752965443
0x2cd3d676f4c53d645aa523cadbf00ba049f4e8eb,382468945474538248
0xc8c0ebb5bbd53e14b53a0ccf40f8b85967547d40,377217535268554614
0x03997fab8416f2edbbe1cc97e74964b2cf199856,334498388546613702
0xcc8de86f3324dddcf06b38c660b21bcbf9d61750,299878375492861394
0x388847b229f0a298b6ecb358475924ea5332782f,246547815900975670
0x6590fafdf1d90bc1374985d7dbcfc575d2609a2c,236586777174199766
0xecf21b1135fb9f358119849f33790d720cc5fef2,232645292223239333
0x34e068ec72d86a0ce08740c16704f572f907567b,232644879007884956
0xab42f2f28051722ad7680e23037ab9c041cea252,231900422403638856
0x1c208fcb9d15e0e04a0a579e0f6121e2057ff7f6,220574239033312540
0xb2cee0977bbb0446b358e0cb3de69e10edc5eda3,219161620100597203
0xaa7b0a1efd187173dfa168520a9169a956f7c032,219129351077472075
0xb17d0d2d900800f887e412ac29f4509aecdab59f,179121238118105731
0x6b6aa7df15c879fe456b9a41b1cea0f8dd426fe4,167057011145792147
0xd9330132c98e813588aef4a14d38b5720b58fa2e,136758360133331175
0xd305b5e651d70dbbea0ced5fd509f05dedb0ba8c,135073091818454759
0x35af614b18ac1d136307ca5a1432eab4345c8c13,134581209436120544
0x58a96de871297089e5490ff0920a5e755fce3119,134111709015573951
0xf41c5dbf1583735444bdd522b71efd370f75e0a6,133799491961300912
0xfc0a0383c97492af847582c9df778d91e98ec1a9,119415442912350092
0x06621e7620b4255f6c59b85dd75346f1e68238ad,119413995605489192
0x81c75e7249de85a36ff1103f048dcef162414188,76983180834823714
0x9594f573555cce9f54bac862e7418510cfd00e3a,38279701808693572
0xf3e3e1506d89e513637f0a73b9e141e6ba127965,38279681151934966
0x8cc9e4eecc99943554a4fd661e54f4194c64b880,38279660495193090
0x9f87770bdb2b99460a996c54e61856ccb73c2bbd,38279639838467941
0x4a09e928b2126f44f6c972dcf2534827b21b068d,38279619181759522
0xb4fc645fa45b251db203ae200924f84512d9fc32,38120077165604729
0x13922b62c07b3206b7ac06f037d4879fcc672ffa,38120056637982319
0xe670264032a752cd27b6b0cd78389d8be09ef595,38120036110376496
0x1024c885041add1c1fa8e8b4d76836b0d2492a5d,38120015582787262
0xfacd3b03c5468d78bbad407aec68a745bc963052,38119995055214621
0xa5d157eb5fd8dda0bb1c238d20bbeda0608c3289,37334912591044684
0xdf5604dd94af69f1af5488d908aa5ccc2a5740c7,37334892444092577
0xd2994e94846ef844bed8d03a8aa28e136bccfb6a,37285567070837455
0xe28ec6fc9c3845a784ffa530819ef0026a03fa08,37285546950486375
0x6ffcdc649e8ed04b8aa82ed9618be1d4204d5857,37285526830151588
0x8d060c9a03c33b43150c4a5ac4c4f59448f31c74,37285506709833095
0xcccb9c2ac0b9c81603e789943c8b3468f830b5ef,37285426270739664
0xae7b9839c9fe5e0d5aedf9f7b03ba68c80c8fae5,37285406150502621
0xc39542b02a19fa3f37c3bbef7794127d25855a30,37285386030281872
0xc3d9a09805aa1539e55b727601f99f072f619d42,37249004377406814
0xf125754267a657f85a5f74646faa1fba25fcdbb0,37248984276731687
0xf94ead69446d55b4124374c8fb5e0d1add8c9ea8,37248964176072837
0x7c48b9b5061c99efbebb130271566dd4834e3e29,37248944075430264
0x3e46f54228ccba7155a684f6a47e6c6fbe655f00,37248923974803970
0x78b897e8c94b37e58609045b203f20c2c80e830c,37248903874193956
0xe5f29f28caa6c120febb7709aff5354490efc266,37248883773600217
0x85ecb63bf06e3794483d75757697591fb4fe0c58,37248863673022759
0xf34414fb0fb5684f436a5a08ae03b8bf91c2e3ea,37248843572461582
0x630ff85ffbaa508c31523dba3fcf926ef3365528,37248823471916679
0x92f33d67632840794a83aac815763c454f1ce4f2,37235957536844435
0x289c50a6caf2e2465fcbb300bef799cc888a9e63,37136167818243856
0x5063cc28fb734053311e938d0b02121571c82f60,37136148100783096
0x55d7f1af9f501ce1e2a693922d0175ad0d1e70dd,37136128383338045
0x3757deb1f816049d56b571d9c06306d23a16407f,37062430202808863
0xeae6ea336c5ae5006fa393c2d076d87e66c05f11,37062351552005927
0xf97eca8dce4b569e26deb0f8e8b26248145aa106,37061741533472578
0x039bc1e32b670376466564cd2ae7a49806b9299e,37061721855706361
0xba9d570e900f31ccfefc317e15813ab800c53585,37061702177695315
0x0d4acbcf59876f37d33c3188b3a2484a0c7d1515,37061682499438661
0x0280e6fc5809395258720442a694136c3ef4a6d4,37061662821197689
0xade13133b9e887a972c39524e48ef8ae04c85442,36761824374230972
0x89eccf342dea77666cc7f6167212d0cf7faa200d,36761804663995191
0x513be22309962087c906e7b4720728c1c75f1edb,36761784953775268
0x5a2b2d63eec8599497560dcf8508d9cedfb0f3e4,36761765243571205
0xb89a6d322cd1594c5942be13a5babf1d72900af0,36761745533383004
0xf8a696cec6045c612e9063a813addeaf7ebd927d,36761706113054178
0xa81535fbe30cadb7a743513e235b0e7cca3528f8,36761686402913552
0xf7e4c33090847181e5d75c0365f6e81702396ae9,36761666692788789
0x862e072a535baa0e797707339dac20b88b4681d4,36761646982679886
0x9d94a2eeecb7936ee5c657a8d89f1be94258512c,36761627272586840
0x4d13185db06abafff5da6842de6f79ee52f346d6,36761607562509654
0xcb9743779dffbe8911ff944f9449c7daf4278059,36761587852448328
0xaa16177f7eda764c3744f3957280e5aad7ea9de7,36761568142402862
0xf2bead53f654de792bfcc5e47037bb9ab3426e40,36761548432373256
0x7331dc469f5257ba8b58f1b8486b351055c18731,36761528722359507
0x44d427394eed2abdea31fa13fdbab142dc19978a,36761509012361618
0xb23a070669e50bddc883b2f1093423fab5da12a9,36761489302379592
0x8d123cbd989bc67bbd05e54a7b7d5b8a8b1a3d84,36596463509452089
0x8183ec5c8a94b2e87fd14c8c752a9af289182411,36596443932122773
0xb8bd527626e5ee26dce1b7afd825a406b3c54bae,36127542916101854
0x9a08cd4a121bce7cca87f92886b85e4b1d922745,36127523733375425
0x194b21b679b150e62fbb427df814996a54730ce5,36127504550692209
0x56294af8fb5625ebb6f27832a73e2d4d89c59d90,36127485368052288
0x5165acf8b2dc46495cbc037bea52b2c0d44a6ea4,36127466185427652
0xf92e02694fe2d05619f8db78009988b1a79eb627,36127447002818304
0x7b0ace365ce30cd5a9b758a21063df1a11abd0ff,36127427820224241
0x018935b8a094e0e6143d6d099a0793aaefa229cf,36127408637645463
0x3e3335499086e8ae614a3a48541051f32f112d2b,36127389455081969
0x57dc8d917a466f6b6506250b7ee8ef9429b012bf,36127370272533763
0xb612f27f6d61224eaea379ee14043cc24864d0f4,36127351090000842
0xc1b559697e169f06f41eca8e8050c1dc8128ff45,36127331907483209
0x7a20653a16e85b226cf350e8721035cb060cfbf9,36127312724980857
0x06e78163024c1bb5ea8d5f98f135b92acdc14701,36127293542493794
0xe32803e10dd9837d26edb730393b5dc4a75c5727,36127274360022017
0x345e4c34ca1cd0d00a269d25f993289ca7e2e953,36127255177565523
0x3388bb604f89bee5f43cae6f1810f64c4240f114,36127235995124317
0x1d88adf2067542caeb516a96ba183c0555c4ee45,36127216812698395
0xa96a095aebe0ad5218645daef6e9aa73c439114e,36127197630287758
0x60d9b3788eaeb588a3c2ee8d11afe3f332e822f2,36127178447892409
0x35a00ffd0097bbd7017c2df057a456f21e4d761c,36127159265512342
0x8e4e8447dc5b2f0f4114ed81e7b8e7cdb4cb0a86,36127140083147562
0x9e83ec0ba78166ed2048e5128f8abba2be0abbf7,36127120900798071
0x80e8f4ab346410ad4e31b876c729e15f66e92eee,36127101718463861
0xb03fa1ee4f78680b6991080b728058130efbf495,36127091746960053
0x7ee7928647d10e5715b0a811bae543756b7ec770,36127072564651525
0xe92ceb8d13c5c6b36df7d2d411b426a485137e2e,36126644239844124
0x5c57629bacd41daaf61e64afd1163da0f3e285e1,36126625057833045
0x03d5bf4495a71a6392cf286278bcfcd01495c4f0,36126605875837253
0x87c4c9f2a4fac45c88e4a3a30f3d0f030b586fd3,36039399965904223
0xc9909ae3fafa6b13369134457c1c4418abb3a95b,36039380830120198
0x2591a65f020cc82f7d2b5a9b673e33baf613f873,36039361694351422
0x6aa88be0a3ffecabb57b7626e6d82088178f82d6,36039342558597895
0x63d953bbcc65b9570cf72885cba4090fa3b40391,36039112930744502
0x824b45fa1c2e71acc7156c2a04fae3d5b517ddfe,36039093795189201
0xec10cb9b5431cf83db818f6aca26ba4bd0e94602,36039055524124342
0xc4f1e61f172c257abaf38dfe66cc902faddd2afa,36039055524124342
0xac4e3336dcbd312f6aeb1d2c607300e2fffa5c9d,36037529878733051
0x7c3ded3a48ceb8cfd57ff81f4286bde154ff1375,36037510744437666
0xcf7ecdebd94f0d8345b4c77b518b5f581ff0a9d8,35746390786338044
0x1fbe5f58408f97d3d8d0361cca502745fdeb53f8,33527935827760063
0xf08c85fd1ee2a9eddd21f3fe996b7aa73a5d8b2e,25589299050067241
0x7e391298b274e8f9b308263a6c8cea442967c3f0,25589290396010398
0xd13bfd52e29ec3419bfa232c0397a229c0ea05f4,25585094865226107
0x6b3da29fb48c3fa89f2facd9e4e572cd927dd705,25585051609263633
0x080cd06ed826f6885598252d0db0e7e03e8148df,25575571415840982
0xbd2096c2274914c81cf1c126666a78c8b0d5eb91,25575565659094045
0x6ae292fcd821a80539c00c05ba0ba2c1c4ab796d,25316828313390591
0xeb79cb9b767f00e41e837f678e22baefc9acd727,25316457332879039
0xd297676d08640811c4a13e16807352604c1370a0,25217201659072995
0x475b1e3c860da93988cd5a5b86c25257e7227778,25078889750137666
0xd9f149d3df6b0851d123c5ed78142443349fadf3,25078769780469963
0xd1719c78d22e305191f9984b8e1b8e635845ece1,24927122676488105
0x8284077d324ed82ca87d860d6ac31b147448abab,24712341068332112
0x00411fc8679bcc0cb990b5c992f4fb3e54d9d501,24712334149647679
0x7c6552b850642ae40a7dd90143cb67ade765880d,24712324804124984
0x719885ecfa223af5ad0314fa3d53ba3f070e8d53,24712320131366799
0xa43a99838957e810fbc3c1066987c205e4582f9d,24712268731161868
0x6f14c4007cefeec0a7c047aeef746b406bc698a7,24712196902471664
0xa497d169c24bb5ad51692b8e2445c205e41c6d90,24707385479359455
0x777d583044aa8f81fbf2525bc316608d0d37b875,24598019548435770
0xf44da4a306dbe7397e97b4a6688014286c867fa5,24594373929285279
0x7738a51d8ccd811b07a15e98a1c66154eabec41e,24566495629283006
0xf41175ebd2bf6de264b94687456ba53c89a1679f,24499092279531920
0x60582b556987c37844596f477dbd5d6a03b029ef,24499087687069640
0x5ad17f5e77d1c6a734822a0adfd0096e397180b1,24498876556860913
0x04fa3709d194f7c0c17e1c76b714b192aa2254f6,24498871964481228
0x982d1fe9fbf882aca1512853bc9623a5dc48481e,24443125940341455
0x90f25f5e2dc035a56650761b0ae6e0f90b8f0076,24270950716079647
0x818495233772faf2d047b924def55232d4d292d2,24270946208755599
0x52f0abc8fad4493b858432350052093db63f73c3,24247022514590930
0xad5f296c08e3c07a6da57321b440381c6d1958d3,23831021235322726
0x21bb783425ce69c136a2c83169b0891e637c6dd5,23830995851796250
0xdd39da0fcf750c4ca667e4578c15da5a5e7816fb,23830987161010058
0x888c86f4f14ff711e3e74915fbbc142f5a0bcae8,23830984975276559
0xaec8a548af8575b0b2fd26798db17e4b46d636e9,23830977597242994
0x24ea9bcfe3530cfc04693cf007ba9f99a4642d60,23830966303155774
0xb169a9af8ec7b8ca7c4a173da3815f4b318b2c0f,23830959785086241
0xb0d6f4131253a5802e69af3399522373a157c64d,23830940230904174
0x30f698ea0cf620f50b6a3eb493ce7c211b43471f,23830935885534916
0xd91761dfea2d8d8aa85e98b7bb3a44045db7c037,23830923718514237
0xb972c27179844617dca0d4ef5cec26025c8b56f8,23830915896864431
0x89e6a9a6a08fae776508ff02ef3a17e715290850,23828793338936243
0xc19f6842680620e001cadd938efc7b8f918f8e59,23827681112534547
0x9b5b9c5c06ddccc0ba7a7c0eb322f0ed24d08a97,23789579981064332
0x0ef4fef994d6f5eaa26c79d9611544bdc1009f24,23789159054382077
0x6ed9247fd9b47e122710e4f37ac378fb7ca1d16e,23789153425200738
0xce7deabbf00ab36264e4f788ebf13263d3e3823b,23789149095063665
0xc8ab6953011967b27c93715773a16ce68ca145b3,23789143465889080
0x627e887d2d55adace87487dbf9b780acdbd31cf3,23724266962562412
0x207909c05e3df2fea6a217e4438c45eccb2e3316,23635336303434877
0x7426a02723fc2da5bb612feed6a899d2cb8e9178,23383894856327533
0x7ad4110c28af318f3db6c1d4b994ecfa458c4437,23383889835699548
0x54372e045cdfce6951c44c4921ecd6f08f9f1716,23383831682781058
0x3646b9783711f7288bbae45fbfeab899e8f86b67,23383822854897048
0x8e6d6ab317142ed839f8e565f762b32da905efbb,23383817415920489
0x1eace598eb0d23de1b2a5706ebbe0e0927281132,23383811558565046
0x98b86ac63e031b1d4bb025d0aa8f6b9236cb0bdd,23383175118150252
0x106b9288dcf62232fbfb9e5319fa3455d221688b,23383166750949751
0x6b79991184a0a4e2648935c82caff9ac2703e66a,23383162567352121
0xd74f6127eb7f5a7c45cc0de053f1da5080c0e383,23263014858671650
0x888c667ff1b189c62425cbc801c57041a6e71b00,23263006589686454
0x9d4e283db9d704c25fe06ef6a9c02493788d103e,23262991255433489
0x96d4f315e08c4cbe04d81c70baaf423989188974,23262926761100165
0x7bfea04d367cfdd7508ed11b9654df10bd1b50d0,23260678567793048
0x44a1dd3d100119b4445e57277251c13069770957,23260670288073911
0x1b7f2fd5feffe3808a0c999804f0ff42f321353a,23260661594376743
0x50f897a5b8cdfd2cdb8f30acbebcdf18f7a72cb1,23260652486702611
0xd7c9ca7e72e9faa24819bc95f92f70e8664fff84,23260643379037233
0xbc796c3d5b33ca380a1a06d60f386ee0f3427f7b,23259167629739387
0x435251983e5f68db2eb671eb9ff1f51cd135c40c,23259159351080997
0x69aee268c99e89a6a8b5841d2870f1253fac1833,23259151045109725
0xd570089d3c085c33c2d4c552bc0852ddabe09da6,23259150658497608
0x7b771afef75739fcfa919667d2b776f79db8035c,23259128720107660
0x4a6b943fe6644d46a7286f823525c6bc072ea7d4,23259115888244619
0x00ca3063bfcf08f0d4a6f1e2410c1787148be623,23259107195701583
0xbb45929a11b177fb44ba45924e2b663383d1bbdc,23259098089236546
0x92f0393c622a8ea85eb0669b80cb07294f7fdf50,23015306572769131
0x3a68861a7756d97511ac9b971881d80dc11e29b4,23015289955373466
0xfde4df6c89b273903ccf130672c3edbe4e6e4065,23015281849337747
0x5aefe24411bede4510504268e1cff4f79a508408,23015273743309165
0x0758e6275a7571b4aa3d4c36b427399f24be01e5,23010814082810244
0x6a88179e179e208005e04b0bd6e758c5057faf93,23010309215282247
0xe172f93e0f4872c99777302a1e18074a24f8c0fa,23010305165059559
0x350fccf73994b50632ecaff67a1da872fdb77d6c,23010296659598826
0xc2698303dd147b4b81ec9510740dbf0218d80df1,23009212545904277
0xd74c8f6faaa31e1371510ac44f49668c8ea20ff9,23007854598749609
0xe05c2c694f3bed2308f46c947ca1303d0773451a,23007850549386011
0x46284f5ebf86a4167641009afac15dd4b3089407,23007837955878040
0xb700b3496cfd57f76897b5cd148a2aad34814c37,23007829452232199
0x7c81679dbfdafd315767c509d5c341693d00ff8a,23007817304180054
0xccd83c8301aec802cad7e34d7b253cf9b2a2470a,23007809164993487
0x5b58c042a5b4a4c82060a35c46a7bb27875baa04,18054679891881713
0x9b4cc4603b0f270fdd2343c049fa051b0a4e18c2,16652414066056910
0x6f7f163a6471e7b7ca9b18bb7fa14264c1b4c1dd,14030283922786684
0x376246620f858cf2ce1098d1ea35b191a283f8b8,13544521755846883
0x0615a7eabef0d28ab01905d51879017b354101cc,13544519650318533
0xc97f238ff27e56dd4393d6bb226f5c1deb1652f1,11631510334043003
0x20a99ebfedd0ddd15625a3476ca098e6fe76d256,11631507021477137
0xd766441d04f2b444e46238dfdca0c9e142abad43,7136881021849467
0x73cbb0e546f482b86bf00409a7c02ff00ffc2b99,4757831984082054
0x5303969f4e892c37668b2e4b8a547539aff22274,4652603388289764
0x62dcefddc073c5b1b48031f9bcba2f1d265daf72,2572220564663007
0xc8df04e4a252ee13e1ccb4c98b7dbc467d81d6cb,2338383210116436
0x479cfee1991b94398c4519e68fe8c6a0f3db29e7,2338381614821973
0xb2a001e07dd9a4066998f68e10aec13abe4cee33,2337575647333306
0x3dc0b747e82ba48b76e6405eb80641eee66f82ca,2337570862970878
0xb10a8469a4404039409fdaba437140a2b4457de2,2321957184210179
0x549b8c77b057b698968e6f983e03a810b47aa87f,6845332980310
0xfbb990fb9c1854842afb7d2e3bd2117f4b4275b2,0
0xeb5249e544aadddabc92d02b8b1c9af302941443,0
0xda7499905ee51d3b98af637b6215f60ffaff4f7a,0
0xd7d6d4c557b752fddbd84ffb15f7de03612a882f,0
0xd5d800298b767a6fde346d687c7189a6e9e7ca9e,0
0xd41631f521697ce184791564d576e8d5d0cdd540,0
0xc6aa9a8f6033885c21f83e5309c1907e1d5f6025,0
0xc30f57b506fffd8664fb284da4066f097d4cfee5,0
0xc259964cde83b2b18548d0ab2c56318a683c246f,0
0xbf7ec2e3527698ebbc8730bfa854030c1673734e,0
0xb848c8f28c76dba096b5bbfde4642f5df3059b3b,0
0xb76375b671beb5088f65b48927dbc3db60e09551,0
0xb4b3c5b37bd36ea39416374762849480ea6a170e,0
0xb078c98fe59596017ae96f14bfd4c195fc807c40,0
0xac53987c4607d9e5d89b4e7eaf3451da3c42ab47,0
0xa7f17fdfadd349da1533c01784eeb59c9c6deb6f,0
0xa5639a423e1fe5be2ead1d5560dfc07fd2dabd35,0
0x99f4a5cf0eee17b0425bcb24a6bcf7a936efb3bb,0
0x9107e4136eb3f7a327e190cb41dc3f903cd935ab,0
0x90b9a7bcce213b05c713d6f91ef31dd60e727f88,0
0x75852e9f99224e231bb3cf1906947a4113ca04c1,0
0x6d059f210b2529cc67a123692c0f306186c4d617,0
0x5d4543679e8a319cbe5ab488c7d5c97b3677f3c0,0
0x5c442dc799c0535c5ef4474d3c3a2d7836373919,0
0x580f2b6d99b564d8ef6b1c25340a1bc1af1dfd74,0
0x4c6e6ea7f057ba8ba1e8bc6520e3f6982f21559c,0
0x4c182b3653067bd688b5e16ac377e448ce902656,0
0x4906d8b081bf95b98f376bebc8df6d8c3ebc8bdc,0
0x453fcb59238d7645980530e241dc38f1d19d934a,0
0x44f725863c1379c55d58fbf376e279bcc9e2604a,0
0x377104395fba0a7278f4fe19fea608d63005da81,0
0x2ec353ea6161db9c091ae2fd71169cbbe95ee663,0
0x1237645418873c518361008d2ad6a8e32c4e6af2,0
0x08fd1bd018f70b205716c0f44201d1423e5594fc,0
0x0447030f4fc7ab16008366b640219ed2adf5b988,0
